experiment_id,dataset,init_mode,active_w_gain,active_b_val,seed,num_layers,hidden_dims,layer_widths,T,B,L,layer,layer_name,presynaptic,G_shape,S_shape,S_tilde_shape,D_shape,rank_G,rank_S,rank_S_tilde,rank_D,rank_condition,rank_G_full_L,rank_S_tilde_full_L,spike_density,num_distinct_spike_patterns,G_mean_abs,G_median_abs,G_rms,G_max_abs,G_fro_norm,G_l1_norm,G_abs_mean_over_max,G_sparsity_le_1e_12,G_sparsity_le_1e_10,G_sparsity_le_1e_08,G_sparsity_le_1e_06,G_density_gt_1e_12,G_density_gt_1e_10,G_density_gt_1e_08,G_density_gt_1e_06,G_col_norm_min,G_col_norm_mean,G_col_norm_median,G_col_norm_max,G_col_norm_zero_frac_1e_12,G_col_norm_zero_frac_1e_10,G_col_norm_zero_frac_1e_08,G_col_norm_mean_over_max,factorization_rel_W_error,factorization_rel_b_error,D_rank_tolerance,D_largest_singular,D_smallest_kept_singular,D_next_singular,D_spectral_gap_ratio,stage1_attempted,stage1_success,stage1_time_s,stage1_time,candidate_pool_size,candidate_pool_unique,true_patterns_in_pool,true_pattern_coverage,all_true_patterns_in_pool,true_patterns_in_top,top_pattern_coverage,num_true_distinct_patterns,all_true_patterns_in_top
nmnist_active_layers2_T8_B1_seed0,N-MNIST,active,4.0,0.1,0,2,[512],"[2312, 512, 10]",8,1,8,x0,fc1,x0,"(512, 8)","(2312, 8)","(2313, 8)","(512, 2313)",8,8,8,8,True,True,True,0.0862889273356401,8,0.000193651042517,8.407393466276592e-06,0.0006613762184269,0.0063091335567095,0.0423280779793266,0.793194670149981,0.0306937617941444,0.0,0.000244140625,0.041015625,0.25634765625,1.0,0.999755859375,0.958984375,0.74365234375,0.0001388847101337,0.0139579238329148,0.0153429071303847,0.018003735919412,0.0,0.0,0.0,0.775279302884307,8.035131127508643e-17,1.008199579935181e-16,4.444674787192827e-13,0.8654144278160247,0.0016623254180401,1.8841302496492311e-16,8822773363729.287,True,True,0.1620892999926582,0.1620892999926582,8,8,8,1.0,True,8,1.0,8,True
nmnist_active_layers2_T8_B1_seed0,N-MNIST,active,4.0,0.1,0,2,[512],"[2312, 512, 10]",8,1,8,s1,fc2,s1,"(10, 8)","(512, 8)","(513, 8)","(10, 513)",8,8,8,8,True,True,True,0.305908203125,8,0.0021007103730985,1.3437136767896776e-05,0.006978132434077,0.0306087902453297,0.0624143139143696,0.1680568298478834,0.0686309506602949,0.0,0.0,0.125,0.4,1.0,1.0,0.875,0.6,0.0005188437242009,0.0203096458290645,0.0216150279877317,0.0306089263470378,0.0,0.0,0.0,0.6635203600021068,1.0354875355654612e-16,1.7084770808276032e-16,1.835284182976457e-13,1.611186191534452,5.1183125929498896e-08,3.9220447621812365e-21,13050112640997.371,True,True,0.2697721000004094,0.2697721000004094,8,8,8,1.0,True,8,1.0,8,True
nmnist_active_layers3_T8_B1_seed0,N-MNIST,active,4.0,0.1,0,3,"[512, 256]","[2312, 512, 256, 10]",8,1,8,x0,fc1,x0,"(512, 8)","(2312, 8)","(2313, 8)","(512, 2313)",8,8,8,8,True,True,True,0.0862889273356401,8,1.0656985855178011e-05,1.502898716425758e-07,5.098265291847259e-05,0.0008097556174174,0.0032628897867822,0.0436510140628091,0.0131607433476857,0.003173828125,0.07861328125,0.267333984375,0.682373046875,0.996826171875,0.92138671875,0.732666015625,0.317626953125,2.325462193030669e-07,0.0008854903465251,0.000719492772078,0.0019928641985596,0.0,0.0,0.0,0.4443305003748826,7.575824279842192e-17,1.379583699935353e-16,2.965053599720494e-14,0.0577320116162333,2.7864122925525203e-06,9.861934965866466e-18,282542148391.4346,True,True,0.118974499986507,0.118974499986507,8,8,8,1.0,True,8,1.0,8,True
nmnist_active_layers3_T8_B1_seed0,N-MNIST,active,4.0,0.1,0,3,"[512, 256]","[2312, 512, 256, 10]",8,1,8,s1,fc2,s1,"(256, 8)","(512, 8)","(513, 8)","(256, 513)",8,8,8,8,True,True,True,0.284912109375,8,2.5326979640422827e-05,2.406026788390879e-07,0.0001340082498095,0.0022804447834794,0.0060645210992182,0.0518696543035859,0.0111061578091704,0.0,0.0380859375,0.22509765625,0.66845703125,1.0,0.9619140625,0.77490234375,0.33154296875,2.066472022761416e-06,0.0017951776514959,0.0022472878118144,0.0029504757854826,0.0,0.0,0.0,0.6084366664958966,1.0279262476944615e-16,5.10478225594759e-17,1.4211051342825902e-14,0.1247580614660696,1.5921709901390963e-05,1.9183855097172984e-17,829953615722.2776,True,True,0.1441312000097241,0.1441312000097241,8,8,8,1.0,True,8,1.0,8,True
nmnist_active_layers4_T8_B1_seed0,N-MNIST,active,4.0,0.1,0,4,"[512, 256, 128]","[2312, 512, 256, 128, 10]",8,1,8,x0,fc1,x0,"(512, 8)","(2312, 8)","(2313, 8)","(512, 2313)",8,8,8,8,True,True,True,0.0862889273356401,8,8.849809687767687e-07,7.769350889892481e-09,9.366601641596748e-06,0.0002859382985663,0.0005994625050621,0.0036248820481096,0.003095006766194,0.022216796875,0.14208984375,0.52734375,0.921630859375,0.977783203125,0.85791015625,0.47265625,0.078369140625,5.392698147415999e-08,9.15036985955584e-05,1.234670624592614e-05,0.0005929269113546,0.0,0.0,0.0,0.15432542669805,7.743429922005582e-17,1.5762014166186241e-16,4.537010791968084e-15,0.0088339300095475,6.181382934113189e-07,1.2520677863632196e-18,493693951832.0932,True,True,0.155567300011171,0.155567300011171,8,8,8,1.0,True,8,1.0,8,True
nmnist_active_layers4_T8_B1_seed0,N-MNIST,active,4.0,0.1,0,4,"[512, 256, 128]","[2312, 512, 256, 128, 10]",8,1,8,s1,fc2,s1,"(256, 8)","(512, 8)","(513, 8)","(256, 513)",8,8,8,8,True,True,True,0.298583984375,8,2.814302455230733e-06,7.020940983523323e-09,3.755910717520354e-05,0.0016032482886574,0.0016997311602495,0.0057636914283125,0.0017553753059592,0.01318359375,0.1318359375,0.52587890625,0.8515625,0.98681640625,0.8681640625,0.47412109375,0.1484375,1.6987799270559e-07,0.0002609312718817,4.106026194795411e-05,0.0016835133377395,0.0,0.0,0.0,0.1549921025467686,5.826117027657792e-17,5.134289381756492e-17,2.376302731132489e-15,0.0208614348819644,1.3924912120113226e-06,4.250811425566695e-18,327582447820.69653,True,True,0.1489563999930396,0.1489563999930396,8,8,8,1.0,True,8,1.0,8,True
nmnist_active_layers6_T8_B1_seed0,N-MNIST,active,4.0,0.1,0,6,"[1024, 512, 256, 128, 100, 100]","[2312, 1024, 512, 256, 128, 100, 100, 10]",8,1,8,x0,fc1,x0,"(1024, 8)","(2312, 8)","(2313, 8)","(1024, 2313)",8,8,8,8,True,True,True,0.0862889273356401,8,7.2320613634614955e-09,7.62487913713843e-12,6.0991449392125e-08,2.3606573552464566e-06,5.520315834824664e-06,5.924504668947656e-05,0.0030635794506087,0.344970703125,0.6793212890625,0.9383544921875,0.9991455078125,0.655029296875,0.3206787109375,0.0616455078125,0.0008544921875,3.7745805587619326e-10,1.0569061287950035e-06,2.0509756362041477e-08,4.490249106697959e-06,0.0,0.0,0.5,0.2353780611455277,7.784883924877427e-17,1.624043818846529e-16,4.936626901428885e-17,9.612015163745046e-05,4.038421981266137e-09,2.1325473107730472e-20,189370803679.95267,True,True,0.1196703000168781,0.1196703000168781,8,8,8,1.0,True,8,1.0,8,True
nmnist_active_layers6_T8_B1_seed0,N-MNIST,active,4.0,0.1,0,6,"[1024, 512, 256, 128, 100, 100]","[2312, 1024, 512, 256, 128, 100, 100, 10]",8,1,8,s1,fc2,s1,"(512, 8)","(1024, 8)","(1025, 8)","(512, 1025)",8,8,8,8,True,True,True,0.2857666015625,8,1.893371378595153e-08,1.3054264422559822e-11,2.0676149381636762e-07,5.525790957623784e-06,1.323273560424752e-05,7.755249166725745e-05,0.003426425996052,0.32080078125,0.635009765625,0.91845703125,0.995849609375,0.67919921875,0.364990234375,0.08154296875,0.004150390625,1.570037626059351e-09,2.539196389377403e-06,6.762106345095719e-08,1.0179885421096427e-05,0.0,0.0,0.25,0.2494327081634203,9.7128048951312e-17,1.2631543594050771e-16,6.167859125182765e-17,0.0002710006639789,1.5292723134634694e-08,6.618796982009268e-20,231049889824.4237,True,True,0.1757560000114608,0.1757560000114608,8,8,8,1.0,True,8,1.0,8,True
nmnist_active_layers9_T8_B1_seed0,N-MNIST,active,4.0,0.1,0,9,"[2096, 1024, 728, 512, 256, 128, 128, 100]","[2312, 2096, 1024, 728, 512, 256, 128, 128, 100, 10]",8,1,8,x0,fc1,x0,"(2096, 8)","(2312, 8)","(2313, 8)","(2096, 2313)",8,8,8,8,True,True,True,0.08628892733564014,8,5.823744758283004e-11,1.671552136210411e-14,7.616391184248537e-10,3.7055639311055484e-08,9.862564905802592e-08,9.76525521068894e-07,0.0015716217198135077,0.7607943702290076,0.9601025763358778,0.9985687022900763,1.0,0.23920562977099236,0.03989742366412219,0.0014312977099236734,0.0,2.973825533562369e-13,1.3436784843332608e-08,8.627337807398351e-11,9.829714620908266e-08,0.25,0.5,0.875,0.13669557420061754,6.43380250708839e-17,1.2601744049888403e-16,7.436752209320137e-19,1.447996302582831e-06,3.097767380199039e-12,6.248604731231499e-21,495753454.3217169,True,False,0.12827039998956025,0.12827039998956025,8,8,4,0.5,False,4,0.5,8,False
nmnist_active_layers9_T8_B1_seed0,N-MNIST,active,4.0,0.1,0,9,"[2096, 1024, 728, 512, 256, 128, 128, 100]","[2312, 2096, 1024, 728, 512, 256, 128, 128, 100, 10]",8,1,8,s1,fc2,s1,"(1024, 8)","(2096, 8)","(2097, 8)","(1024, 2097)",8,8,8,8,True,True,True,0.2609732824427481,8,1.6577234691020397e-10,2.2266336065327673e-14,2.821406407570419e-09,1.819637144021173e-07,2.553645572193559e-07,1.3580070658883909e-06,0.0009110187020246662,0.7431640625,0.9407958984375,0.9971923828125,1.0,0.2568359375,0.0592041015625,0.0028076171875,0.0,9.7560621375876e-13,3.49905077418742e-08,3.2273880482446846e-10,2.5442105139381317e-07,0.125,0.5,0.75,0.13752992352709487,7.895067129149465e-17,1.1939428218957741e-16,2.6354314171309067e-18,5.659956103076419e-06,1.384265959748215e-11,1.1065847283949262e-21,12509353547.25217,True,False,0.26288819999899715,0.26288819999899715,8,8,4,0.5,False,4,0.5,8,False
