step,gradient_matching_loss,dummy_task_loss,learning_rate
1,0.5353479221410743,3.4362792393614487,0.049999877863745996
25,0.9073701997370872,1.4157251412945864,0.04992370400989491
50,0.7922579319142949,1.405220001396189,0.04969528642972963
75,0.9369264184894394,1.7564084078290034,0.049316155529842476
100,2.281165624262844,1.3923458963703186,0.04878864877830502
125,2.2811458661123933,1.3923458963703186,0.04811601842965433
150,2.2812053179822143,1.3923458963703186,0.04730241147366209
175,0.7045956696679904,2.0167865731521792,0.046352844067763764
200,0.7050899705123193,2.0167865731521792,0.04527317061077994
225,0.7050946309748699,2.0167865731521792,0.04407004764860076
250,2.285652697603358,1.3944604082065568,0.04275089283436703
275,0.9150640232304812,2.2227213960628243,0.04132383919617202
300,0.9212619109233747,2.218047671160616,0.03979768499423866
325,0.9098161717916105,2.2214665836643466,0.03818183947671968
350,0.9528809627693791,2.2365541650931093,0.03648626486855374
375,0.952880838657194,2.2365541650931093,0.03472141495103594
400,0.9435587355951138,2.2365541650931093,0.03289817061077992
425,0.9437683549638889,2.2365541650931093,0.03102777275543363
450,0.9437725544355269,2.2365541650931093,0.029121753009745687
475,0.9437921792720357,2.2365541650931093,0.02719186261926414
500,0.5918482753447769,2.239910492476249,0.025249999999999967
525,0.5918697247139518,2.239910492476249,0.023308137380735807
550,0.48897168493214566,1.421659453817279,0.021378246990254247
575,0.8545665337720872,2.2367215335251234,0.019472227244566313
600,0.8935018963865154,1.4864002163593266,0.01760182938922002
625,1.1273421244349255,1.4249650387821926,0.015778585048963987
650,1.132657399399574,1.4259889226493416,0.01401373513144618
675,0.6163809744404964,1.432505944319987,0.012318160523280233
700,0.6163845998998904,1.432505944319987,0.010702315005761265
725,0.6158589789672916,1.432505944319987,0.009176160803827934
750,0.6158570119828903,1.432505944319987,0.007749107165632927
775,1.1275849727986276,1.4249650387821926,0.006429952351399206
800,0.6158681875681765,1.432505944319987,0.005226829389220021
825,0.8578599654264135,2.225833726037659,0.004147155932236187
850,0.8548678622047705,2.2222599594353385,0.003197588526337875
875,1.342243080611691,1.4249650387821926,0.0023839815703456365
900,1.1273914686002249,1.4249650387821926,0.0017113512216949394
925,1.1274506725037226,1.4249650387821926,0.0011838444701574992
950,1.1275238661989297,1.4249650387821926,0.0008047135702703405
975,0.6158589503385948,1.432505944319987,0.0005762959901050822
1000,1.1275861984803488,1.4249650387821926,0.0005
