experiment_id,dataset,seed,T,B,L,status,failure_stage,failure_reason,stage1_time_s,stage2_time_s,attack_time_s,setting_time_s,stage1_time,stage2_time,total_time,experiment_wall_time,candidate_pool_size,true_pattern_coverage,true_candidate_recovery_rate,true_candidate_recovery_rate_pct,true_patterns_recovered,num_true_distinct_patterns,s1_true_pattern_coverage,s1_true_candidate_recovery_rate_pct,spike_density,rank_S_tilde,rank_D,rank_condition,num_distinct_spike_patterns,reconstruction_success,success_up_to_permutation,bit_accuracy,hamming_distance,precision,recall,f1,exact_sequences,visited_nodes,backtracks,sample_indices,loss,best_batch_assignment
nmnist_T2_B1_seed0,N-MNIST,0,2,1,2,success,,,0.0343003000016324,0.002461999974912,0.0367622999765444,0.5407113000110257,0.0343003000016324,0.002461999974912,0.0367622999765444,0.5407113000110257,2,1.0,1.0,100.0,2,2,1.0,100.0,0.2201557093425605,2,2,True,2,True,True,1.0,0,1.0,1.0,1.0,1,5,2,[55340],3.430285203276757,[0]
nmnist_T4_B1_seed0,N-MNIST,0,4,1,4,success,,,0.0913556999876163,0.0045956999820191,0.0959513999696355,0.586145499983104,0.0913556999876163,0.0045956999820191,0.0959513999696355,0.586145499983104,4,1.0,1.0,100.0,4,4,1.0,100.0,0.142409169550173,4,4,True,4,True,True,1.0,0,1.0,1.0,1.0,1,7,4,[55340],4.960540530926341,[0]
nmnist_T6_B1_seed0,N-MNIST,0,6,1,6,success,,,0.1636551000119652,0.0094242000195663,0.1730793000315316,0.6604195000254549,0.1636551000119652,0.0094242000195663,0.1730793000315316,0.6604195000254549,6,1.0,1.0,100.0,6,6,1.0,100.0,0.1115196078431372,6,6,True,6,True,True,1.0,0,1.0,1.0,1.0,1,9,6,[55340],5.8710799127164215,[0]
nmnist_T8_B1_seed0,N-MNIST,0,8,1,8,success,,,0.4206832000054419,0.0156779999961145,0.4363612000015564,0.9358866000256968,0.4206832000054419,0.0156779999961145,0.4363612000015564,0.9358866000256968,8,1.0,1.0,100.0,8,8,1.0,100.0,0.0862889273356401,8,8,True,8,True,True,1.0,0,1.0,1.0,1.0,1,11,8,[55340],6.107863939099175,[0]
nmnist_T10_B1_seed0,N-MNIST,0,10,1,10,success,,,0.9097871000121812,0.0180801000096835,0.9278672000218648,1.4335093999980018,0.9097871000121812,0.0180801000096835,0.9278672000218648,1.4335093999980018,10,1.0,1.0,100.0,10,10,1.0,100.0,0.0766435986159169,10,10,True,10,True,True,1.0,0,1.0,1.0,1.0,1,13,10,[55340],6.784020922856267,[0]
nmnist_T12_B1_seed0,N-MNIST,0,12,1,12,success,,,1.7200160999782383,0.0214952999958768,1.7415113999741152,2.239153999980772,1.7200160999782383,0.0214952999958768,1.7415113999741152,2.239153999980772,12,1.0,1.0,100.0,12,12,1.0,100.0,0.0658881199538639,12,12,True,12,True,True,1.0,0,1.0,1.0,1.0,1,15,12,[55340],13.09976867593117,[0]
nmnist_T16_B1_seed0,N-MNIST,0,16,1,16,success,,,5.074479200004134,0.0544218999857548,5.128901099989889,5.653295800002525,5.074479200004134,0.0544218999857548,5.128901099989889,5.653295800002525,16,1.0,1.0,100.0,16,16,1.0,100.0,0.0545523356401384,16,16,True,16,True,True,1.0,0,1.0,1.0,1.0,1,19,16,[55340],11.100888170896868,[0]
nmnist_T20_B1_seed0,N-MNIST,0,20,1,20,success,,,9.947883800021373,0.0513367000094149,9.999220500030788,10.521866600000068,9.947883800021373,0.0513367000094149,9.999220500030788,10.521866600000068,20,1.0,1.0,100.0,20,20,1.0,100.0,0.047469723183391,20,20,True,20,True,True,1.0,0,1.0,1.0,1.0,1,23,20,[55340],14.717758531607776,[0]
nmnist_T24_B1_seed0,N-MNIST,0,24,1,24,success,,,20.55600090001826,0.0830649000126868,20.63906580003095,21.183942599978764,20.55600090001826,0.0830649000126868,20.63906580003095,21.183942599978764,24,1.0,1.0,100.0,24,24,1.0,100.0,0.0425317185697808,24,24,True,24,True,True,1.0,0,1.0,1.0,1.0,1,27,24,[55340],5.696987826149154,[0]
nmnist_T32_B1_seed0,N-MNIST,0,32,1,32,success,,,91.30397790001007,0.3815912999853026,91.68556919999537,92.21820089998073,91.30397790001007,0.3815912999853026,91.68556919999537,92.21820089998073,60,1.0,1.0,100.0,32,32,1.0,100.0,0.036007785467128024,32,32,True,32,True,True,1.0,0,1.0,1.0,1.0,1,35,32,[55340],8.6934382999987,[0]
