experiment_id,dataset,seed,T,B,L,layer,layer_name,presynaptic,G_shape,S_shape,S_tilde_shape,D_shape,rank_G,rank_S,rank_S_tilde,rank_D,rank_condition,rank_G_full_L,rank_S_tilde_full_L,spike_density,num_distinct_spike_patterns,factorization_rel_W_error,factorization_rel_b_error,D_rank_tolerance,D_largest_singular,D_smallest_kept_singular,D_next_singular,D_spectral_gap_ratio,stage1_attempted,stage1_success,stage1_time_s,stage1_time,candidate_pool_size,candidate_pool_unique,true_patterns_in_pool,true_pattern_coverage,all_true_patterns_in_pool,true_patterns_in_top,top_pattern_coverage,num_true_distinct_patterns,all_true_patterns_in_top
nmnist_T2_B1_seed0,N-MNIST,0,2,1,2,x0,fc1,x0,"(512, 2)","(2312, 2)","(2313, 2)","(512, 2313)",2,2,2,2,True,True,True,0.2201557093425605,2,0.0,0.0,6.169647559911895e-15,0.0120128069398298,0.0005630334465552,2.77377800167702e-17,20298432182203.85,True,True,0.0066271000250708,0.0066271000250708,2,2,2,1.0,True,2,1.0,2,True
nmnist_T2_B1_seed0,N-MNIST,0,2,1,2,s1,fc2,s1,"(256, 2)","(512, 2)","(513, 2)","(256, 513)",2,2,2,2,True,True,True,0.365234375,2,0.0,0.0,3.108207180348071e-15,0.0272867849887054,0.0015069965300383,6.816380792705674e-17,22108455731390.312,True,True,0.003297899995232,0.003297899995232,2,2,2,1.0,True,2,1.0,2,True
nmnist_T4_B1_seed0,N-MNIST,0,4,1,4,x0,fc1,x0,"(512, 4)","(2312, 4)","(2313, 4)","(512, 2313)",4,4,4,4,True,True,True,0.142409169550173,4,3.517018032104596e-17,8.845075141017524e-17,1.314125897779713e-15,0.0025587102912056,2.8322311061798888e-06,9.855701499077497e-19,2873698139543.886,True,True,0.0244676000147592,0.0244676000147592,4,4,4,1.0,True,4,1.0,4,True
nmnist_T4_B1_seed0,N-MNIST,0,4,1,4,s1,fc2,s1,"(256, 4)","(512, 4)","(513, 4)","(256, 513)",4,4,4,4,True,True,True,0.34521484375,4,7.779652077067061e-17,1.0144818553118136e-16,6.2840210743682795e-16,0.0055167085709382,4.64451591073279e-06,3.817846498793676e-18,1216527671345.6963,True,True,0.0392611999996006,0.0392611999996006,4,4,4,1.0,True,4,1.0,4,True
nmnist_T6_B1_seed0,N-MNIST,0,6,1,6,x0,fc1,x0,"(512, 6)","(2312, 6)","(2313, 6)","(512, 2313)",6,6,6,6,True,True,True,0.1115196078431372,6,5.29495562984094e-17,9.271487343187184e-17,6.66612549410822e-14,0.1297948996596227,0.0001172836642743,1.637258999765337e-17,7163415457854.477,True,True,0.0536323999986052,0.0536323999986052,6,6,6,1.0,True,6,1.0,6,True
nmnist_T6_B1_seed0,N-MNIST,0,6,1,6,s1,fc2,s1,"(256, 6)","(512, 6)","(513, 6)","(256, 513)",6,6,6,6,True,True,True,0.328125,6,6.522043198535222e-17,5.514319283108133e-17,3.552351251295282e-14,0.3118590208893284,0.0002460929225091,7.657055078012902e-17,3213936950979.728,True,True,0.0609396999934688,0.0609396999934688,6,6,6,1.0,True,6,1.0,6,True
nmnist_T8_B1_seed0,N-MNIST,0,8,1,8,x0,fc1,x0,"(512, 8)","(2312, 8)","(2313, 8)","(512, 2313)",8,8,8,8,True,True,True,0.0862889273356401,8,7.743429922005582e-17,1.5762014166186241e-16,4.537010791968084e-15,0.0088339300095475,6.181382934113189e-07,1.2520677863632196e-18,493693951832.0932,True,True,0.1451143999875057,0.1451143999875057,8,8,8,1.0,True,8,1.0,8,True
nmnist_T8_B1_seed0,N-MNIST,0,8,1,8,s1,fc2,s1,"(256, 8)","(512, 8)","(513, 8)","(256, 513)",8,8,8,8,True,True,True,0.298583984375,8,5.826117027657792e-17,5.134289381756492e-17,2.376302731132489e-15,0.0208614348819644,1.3924912120113226e-06,4.250811425566695e-18,327582447820.69653,True,True,0.1490300000004936,0.1490300000004936,8,8,8,1.0,True,8,1.0,8,True
nmnist_T10_B1_seed0,N-MNIST,0,10,1,10,x0,fc1,x0,"(512, 10)","(2312, 10)","(2313, 10)","(512, 2313)",10,10,10,10,True,True,True,0.0766435986159169,10,7.58908176288152e-17,1.4244277556940532e-16,5.5563662126510654e-14,0.1081869814303041,8.336820187475986e-07,2.877723973681482e-17,28970187077.430725,True,True,0.280816299986327,0.280816299986327,10,10,10,1.0,True,10,1.0,10,True
nmnist_T10_B1_seed0,N-MNIST,0,10,1,10,s1,fc2,s1,"(256, 10)","(512, 10)","(513, 10)","(256, 513)",10,10,10,10,True,True,True,0.2900390625,10,1.3302653576037048e-16,2.221075661956082e-16,4.7404520086266615e-14,0.4161617524292154,2.8090492773921102e-06,1.151217128947399e-16,24400690423.712933,True,True,0.3743085000023711,0.3743085000023711,10,10,10,1.0,True,10,1.0,10,True
nmnist_T12_B1_seed0,N-MNIST,0,12,1,12,x0,fc1,x0,"(512, 12)","(2312, 12)","(2313, 12)","(512, 2313)",12,12,12,12,True,True,True,0.0658881199538639,12,8.759553919053566e-17,1.2307599762190088e-16,5.0735810156604e-16,0.0009878675992893,4.12146039283368e-07,2.823737215244564e-19,1459576468583.2207,True,True,0.7470667000161484,0.7470667000161484,12,12,12,1.0,True,12,1.0,12,True
nmnist_T12_B1_seed0,N-MNIST,0,12,1,12,s1,fc2,s1,"(256, 12)","(512, 12)","(513, 12)","(256, 513)",12,12,12,12,True,True,True,0.2736002604166667,12,1.654651751588354e-16,2.4558250060449813e-16,2.543488222972975e-16,0.0022329147394156,6.132296440322883e-07,5.879535682707031e-19,1042989918125.5548,True,True,0.7498150000174064,0.7498150000174064,12,12,12,1.0,True,12,1.0,12,True
nmnist_T16_B1_seed0,N-MNIST,0,16,1,16,x0,fc1,x0,"(512, 16)","(2312, 16)","(2313, 16)","(512, 2313)",16,16,16,16,True,True,True,0.0545523356401384,16,8.604567540743053e-17,1.1319949568242983e-16,2.1739413508701445e-13,0.4232841097148331,7.518361930288623e-06,9.075784926132699e-17,82839798336.78459,True,True,2.689560800004984,2.689560800004984,16,16,16,1.0,True,16,1.0,16,True
nmnist_T16_B1_seed0,N-MNIST,0,16,1,16,s1,fc2,s1,"(256, 16)","(512, 16)","(513, 16)","(256, 513)",16,16,16,16,True,True,True,0.2491455078125,16,1.3204121206535352e-16,1.713681692138439e-16,1.1069492590181165e-13,0.9717848480374338,1.7263435635709832e-05,1.203230299585045e-16,143475738947.59323,True,True,1.9826517000037711,1.9826517000037711,16,16,16,1.0,True,16,1.0,16,True
nmnist_T20_B1_seed0,N-MNIST,0,20,1,20,x0,fc1,x0,"(512, 20)","(2312, 20)","(2313, 20)","(512, 2313)",20,20,20,20,True,True,True,0.047469723183391,20,9.66027773605248e-17,1.8266368422129319e-16,8.241926562561298e-13,1.604770315433033,2.622739629360599e-05,3.040612491783797e-16,86256951073.1027,True,True,4.614162899990333,4.614162899990333,20,20,20,1.0,True,20,1.0,20,True
nmnist_T20_B1_seed0,N-MNIST,0,20,1,20,s1,fc2,s1,"(256, 20)","(512, 20)","(513, 20)","(256, 513)",20,20,20,20,True,True,True,0.23173828125,20,1.470742207685356e-16,1.9600362593028887e-16,4.582764614790907e-13,4.023184602631389,8.595794545050087e-05,7.707830222644295e-16,111520289066.52748,True,True,4.880215500015765,4.880215500015765,20,20,20,1.0,True,20,1.0,20,True
nmnist_T24_B1_seed0,N-MNIST,0,24,1,24,x0,fc1,x0,"(512, 24)","(2312, 24)","(2313, 24)","(512, 2313)",24,24,24,24,True,True,True,0.0425317185697808,24,8.127803304600009e-17,1.7992662631890514e-16,2.94440682089988e-13,0.5733000199494961,6.663729877219609e-05,1.2877405989563671e-16,517474550590.4018,True,True,11.580142099992372,11.580142099992372,24,24,24,1.0,True,24,1.0,24,True
nmnist_T24_B1_seed0,N-MNIST,0,24,1,24,s1,fc2,s1,"(256, 24)","(512, 24)","(513, 24)","(256, 513)",24,24,24,24,True,True,True,0.2200520833333333,24,1.4262522500700827e-16,2.2187520994962336e-16,1.5181944931605758e-13,1.3328148447707422,0.00018626175026,3.585794838058118e-16,519443411215.6271,True,True,8.477667300001485,8.477667300001485,24,24,24,1.0,True,24,1.0,24,True
nmnist_T32_B1_seed0,N-MNIST,0,32,1,32,x0,fc1,x0,"(512, 32)","(2312, 32)","(2313, 32)","(512, 2313)",32,32,32,32,True,True,True,0.036007785467128024,32,1.0082330191585739e-16,2.5761631766264853e-16,1.8786271978282804e-13,0.365784035802314,5.123627862645132e-06,4.12183193511952e-17,124304628216.15659,True,True,75.7098325000261,75.7098325000261,60,60,32,1.0,True,22,0.6875,32,False
nmnist_T32_B1_seed0,N-MNIST,0,32,1,32,s1,fc2,s1,"(256, 32)","(512, 32)","(513, 32)","(256, 513)",32,32,32,32,True,True,True,0.20574951171875,32,1.5610640505948933e-16,2.086180537083926e-16,1.161350551790965e-13,1.0195434526885594,3.181709489598893e-05,5.5173209924289315e-17,576676523618.0658,True,True,15.087265300011495,15.087265300011495,32,32,32,1.0,True,32,1.0,32,True
