seed,T,L,status,reconstruction_success,bit_accuracy,f1,attack_time_s,stage1_time_s,stage2_time_s,visited_nodes,backtracks,spike_density,rank_S_tilde,rank_D,rank_condition,true_pattern_coverage,true_candidate_recovery_rate,true_candidate_recovery_rate_pct,true_patterns_recovered,num_true_distinct_patterns,s1_true_pattern_coverage,s1_true_candidate_recovery_rate_pct,candidate_pool_size,num_distinct_spike_patterns,failure_reason
0,2,2,success,True,1.0,1.0,0.0367622999765444,0.0343003000016324,0.002461999974912,5,2,0.2201557093425605,2,2,True,1.0,1.0,100.0,2,2,1.0,100.0,2,2,
0,4,4,success,True,1.0,1.0,0.0959513999696355,0.0913556999876163,0.0045956999820191,7,4,0.142409169550173,4,4,True,1.0,1.0,100.0,4,4,1.0,100.0,4,4,
0,6,6,success,True,1.0,1.0,0.1730793000315316,0.1636551000119652,0.0094242000195663,9,6,0.1115196078431372,6,6,True,1.0,1.0,100.0,6,6,1.0,100.0,6,6,
0,8,8,success,True,1.0,1.0,0.4363612000015564,0.4206832000054419,0.0156779999961145,11,8,0.0862889273356401,8,8,True,1.0,1.0,100.0,8,8,1.0,100.0,8,8,
0,10,10,success,True,1.0,1.0,0.9278672000218648,0.9097871000121812,0.0180801000096835,13,10,0.0766435986159169,10,10,True,1.0,1.0,100.0,10,10,1.0,100.0,10,10,
0,12,12,success,True,1.0,1.0,1.7415113999741152,1.7200160999782383,0.0214952999958768,15,12,0.0658881199538639,12,12,True,1.0,1.0,100.0,12,12,1.0,100.0,12,12,
0,16,16,success,True,1.0,1.0,5.128901099989889,5.074479200004134,0.0544218999857548,19,16,0.0545523356401384,16,16,True,1.0,1.0,100.0,16,16,1.0,100.0,16,16,
0,20,20,success,True,1.0,1.0,9.999220500030788,9.947883800021373,0.0513367000094149,23,20,0.047469723183391,20,20,True,1.0,1.0,100.0,20,20,1.0,100.0,20,20,
0,24,24,success,True,1.0,1.0,20.63906580003095,20.55600090001826,0.0830649000126868,27,24,0.0425317185697808,24,24,True,1.0,1.0,100.0,24,24,1.0,100.0,24,24,
0,32,32,success,True,1.0,1.0,91.68556919999536,91.30397790001008,0.3815912999853026,35,32,0.036007785467128,32,32,True,1.0,1.0,100.0,32,32,1.0,100.0,60,32,
